almond_cake	http://www.bbc.co.uk/food/recipes/search?dishes[]=almond_cake	
apple_chutney	http://www.bbc.co.uk/food/recipes/search?dishes[]=apple_chutney	
apple_chutney	http://www.bbc.co.uk/food/recipes/search?keywords=apple chutney	
apple_crumble	http://www.bbc.co.uk/food/recipes/search?dishes[]=apple_crumble	
apple_pie	http://www.bbc.co.uk/food/recipes/search?dishes[]=apple_pie	
apple_sauce	http://www.bbc.co.uk/food/recipes/search?dishes[]=apple_sauce	
apple_sauce	http://www.bbc.co.uk/food/recipes/search?keywords=apple sauce	
apricot_jam	http://www.bbc.co.uk/food/recipes/search?dishes[]=apricot_jam	
apricot_jam	http://www.bbc.co.uk/food/recipes/search?keywords=apricot jam	
bagel	http://www.bbc.co.uk/food/recipes/search?dishes[]=bagel	
bagel	http://www.bbc.co.uk/food/recipes/search?keywords=bagel	
baguette	http://www.bbc.co.uk/food/recipes/search?dishes[]=baguette	
baguette	http://www.bbc.co.uk/food/recipes/search?keywords=baguette	
baked_alaska	http://www.bbc.co.uk/food/recipes/search?dishes[]=baked_alaska	
bakewell_tart	http://www.bbc.co.uk/food/recipes/search?dishes[]=bakewell_tart	
cakes_and_baking	http://www.bbc.co.uk/food/recipes/search?dishes[]=cakes_and_baking	
cakes_and_baking	http://www.bbc.co.uk/food/recipes/search?keywords=baking	
banana_bread	http://www.bbc.co.uk/food/recipes/search?dishes[]=banana_bread	
bannocks	http://www.bbc.co.uk/food/recipes/search?dishes[]=bannocks	
banoffee_pie	http://www.bbc.co.uk/food/recipes/search?dishes[]=banoffee_pie	
barbecue_sauce	http://www.bbc.co.uk/food/recipes/search?dishes[]=barbecue_sauce	
barbecue_sauce	http://www.bbc.co.uk/food/recipes/search?keywords=barbecue sauce	
bearnaise_sauce	http://www.bbc.co.uk/food/recipes/search?dishes[]=bearnaise_sauce	
bechamel_sauce	http://www.bbc.co.uk/food/recipes/search?dishes[]=bechamel_sauce	
bechamel_sauce	http://www.bbc.co.uk/food/recipes/search?keywords=béchamel sauce	
beef_bourguignon	http://www.bbc.co.uk/food/recipes/search?dishes[]=beef_bourguignon	
beef_curry	http://www.bbc.co.uk/food/recipes/search?dishes[]=beef_curry	
beef_stew	http://www.bbc.co.uk/food/recipes/search?dishes[]=beef_stew	
beef_stock	http://www.bbc.co.uk/food/recipes/search?dishes[]=beef_stock	
beef_stock	http://www.bbc.co.uk/food/recipes/search?keywords=beef stock	
beef_wellington	http://www.bbc.co.uk/food/recipes/search?dishes[]=beef_wellington	
bhaji	http://www.bbc.co.uk/food/recipes/search?dishes[]=bhaji	
biryani	http://www.bbc.co.uk/food/recipes/search?dishes[]=biryani	
biscotti	http://www.bbc.co.uk/food/recipes/search?dishes[]=biscotti	
biscotti	http://www.bbc.co.uk/food/recipes/search?keywords=biscotti	
biscuit	http://www.bbc.co.uk/food/recipes/search?dishes[]=biscuit	
biscuit	http://www.bbc.co.uk/food/recipes/search?keywords=biscuits	
black_forest_gateau	http://www.bbc.co.uk/food/recipes/search?dishes[]=black_forest_gateau	
blackbean_sauce	http://www.bbc.co.uk/food/recipes/search?dishes[]=blackbean_sauce	
blackbean_sauce	http://www.bbc.co.uk/food/recipes/search?keywords=blackbean sauce	
blini	http://www.bbc.co.uk/food/recipes/search?dishes[]=blini	
blini	http://www.bbc.co.uk/food/recipes/search?keywords=blini	
brandy_butter	http://www.bbc.co.uk/food/recipes/search?dishes[]=brandy_butter	
brandy_butter	http://www.bbc.co.uk/food/recipes/search?keywords=brandy butter	
brandy_snaps	http://www.bbc.co.uk/food/recipes/search?dishes[]=brandy_snaps	
brandy_snaps	http://www.bbc.co.uk/food/recipes/search?keywords=brandy snaps	
bread	http://www.bbc.co.uk/food/recipes/search?dishes[]=bread	
bread	http://www.bbc.co.uk/food/recipes/search?keywords=bread	
bread_and_butter_pudding	http://www.bbc.co.uk/food/recipes/search?dishes[]=bread_and_butter_pudding	
bread_roll	http://www.bbc.co.uk/food/recipes/search?dishes[]=bread_roll	
bread_roll	http://www.bbc.co.uk/food/recipes/search?keywords=bread roll	
bread_sauce	http://www.bbc.co.uk/food/recipes/search?dishes[]=bread_sauce	
bread_sauce	http://www.bbc.co.uk/food/recipes/search?keywords=bread sauce	
breadsticks	http://www.bbc.co.uk/food/recipes/search?dishes[]=breadsticks	
brioche	http://www.bbc.co.uk/food/recipes/search?dishes[]=brioche	
brioche	http://www.bbc.co.uk/food/recipes/search?keywords=brioche	
broth	http://www.bbc.co.uk/food/recipes/search?dishes[]=broth	
broth	http://www.bbc.co.uk/food/recipes/search?keywords=broth	
bruschetta	http://www.bbc.co.uk/food/recipes/search?dishes[]=bruschetta	
bun	http://www.bbc.co.uk/food/recipes/search?dishes[]=bun	
bun	http://www.bbc.co.uk/food/recipes/search?keywords=buns	
beef_burger	http://www.bbc.co.uk/food/recipes/search?dishes[]=beef_burger	
buttercream_icing	http://www.bbc.co.uk/food/recipes/search?dishes[]=buttercream_icing	
caesar_salad	http://www.bbc.co.uk/food/recipes/search?dishes[]=caesar_salad	
cake	http://www.bbc.co.uk/food/recipes/search?dishes[]=cake	
cake	http://www.bbc.co.uk/food/recipes/search?keywords=cake	
calzone	http://www.bbc.co.uk/food/recipes/search?dishes[]=calzone	
canape	http://www.bbc.co.uk/food/recipes/search?dishes[]=canape	
cannelloni	http://www.bbc.co.uk/food/recipes/search?dishes[]=cannelloni	
caramel	http://www.bbc.co.uk/food/recipes/search?dishes[]=caramel	
caramel	http://www.bbc.co.uk/food/recipes/search?keywords=caramel	
carpaccio	http://www.bbc.co.uk/food/recipes/search?dishes[]=carpaccio	
carrot_cake	http://www.bbc.co.uk/food/recipes/search?dishes[]=carrot_cake	
casserole	http://www.bbc.co.uk/food/recipes/search?dishes[]=casserole	
cassoulet	http://www.bbc.co.uk/food/recipes/search?dishes[]=cassoulet	
cauliflower_cheese	http://www.bbc.co.uk/food/recipes/search?dishes[]=cauliflower_cheese	
ceviche	http://www.bbc.co.uk/food/recipes/search?dishes[]=ceviche	
champ	http://www.bbc.co.uk/food/recipes/search?dishes[]=champ	
champ	http://www.bbc.co.uk/food/recipes/search?keywords=champ	
champagne_cocktail	http://www.bbc.co.uk/food/recipes/search?dishes[]=champagne_cocktail	
chapatis	http://www.bbc.co.uk/food/recipes/search?dishes[]=chapatis	
charlotte	http://www.bbc.co.uk/food/recipes/search?dishes[]=charlotte	
cheese_sauce	http://www.bbc.co.uk/food/recipes/search?dishes[]=cheese_sauce	
cheese_sauce	http://www.bbc.co.uk/food/recipes/search?keywords=cheese sauce	
cheese_straws	http://www.bbc.co.uk/food/recipes/search?dishes[]=cheese_straws	
cheesecake	http://www.bbc.co.uk/food/recipes/search?dishes[]=cheesecake	
chicken_casserole	http://www.bbc.co.uk/food/recipes/search?dishes[]=chicken_casserole	
chicken_curry	http://www.bbc.co.uk/food/recipes/search?dishes[]=chicken_curry	
chicken_kiev	http://www.bbc.co.uk/food/recipes/search?dishes[]=chicken_kiev	
chicken_pie	http://www.bbc.co.uk/food/recipes/search?dishes[]=chicken_pie	
chicken_salad	http://www.bbc.co.uk/food/recipes/search?dishes[]=chicken_salad	
chicken_soup	http://www.bbc.co.uk/food/recipes/search?dishes[]=chicken_soup	
chicken_soup	http://www.bbc.co.uk/food/recipes/search?keywords=chicken soup	
chicken_stew	http://www.bbc.co.uk/food/recipes/search?dishes[]=chicken_stew	
chicken_stock	http://www.bbc.co.uk/food/recipes/search?dishes[]=chicken_stock	
chicken_stock	http://www.bbc.co.uk/food/recipes/search?keywords=chicken stock	
chicken_tagine	http://www.bbc.co.uk/food/recipes/search?dishes[]=chicken_tagine	
chilled_soup	http://www.bbc.co.uk/food/recipes/search?dishes[]=chilled_soup	
chilli_con_carne	http://www.bbc.co.uk/food/recipes/search?dishes[]=chilli_con_carne	
chilli_con_carne	http://www.bbc.co.uk/food/recipes/search?keywords=chilli con carne	
chilli_oil	http://www.bbc.co.uk/food/recipes/search?dishes[]=chilli_oil	
chilli_oil	http://www.bbc.co.uk/food/recipes/search?keywords=chilli oil	
chips	http://www.bbc.co.uk/food/recipes/search?dishes[]=chips	
chips	http://www.bbc.co.uk/food/recipes/search?keywords=chips	
chocolate_biscuit	http://www.bbc.co.uk/food/recipes/search?dishes[]=chocolate_biscuit	
chocolate_biscuit	http://www.bbc.co.uk/food/recipes/search?keywords=chocolate biscuit	
chocolate_brownies	http://www.bbc.co.uk/food/recipes/search?dishes[]=chocolate_brownies	
chocolate_brownies	http://www.bbc.co.uk/food/recipes/search?keywords=chocolate brownies	
chocolate_cake	http://www.bbc.co.uk/food/recipes/search?dishes[]=chocolate_cake	
chocolate_cake	http://www.bbc.co.uk/food/recipes/search?keywords=chocolate cake	
chocolate_dessert	http://www.bbc.co.uk/food/recipes/search?dishes[]=chocolate_dessert	
chocolate_fondant	http://www.bbc.co.uk/food/recipes/search?dishes[]=chocolate_fondant	
chocolate_mousse	http://www.bbc.co.uk/food/recipes/search?dishes[]=chocolate_mousse	
chocolate_tart	http://www.bbc.co.uk/food/recipes/search?dishes[]=chocolate_tart	
chocolate_truffle	http://www.bbc.co.uk/food/recipes/search?dishes[]=chocolate_truffle	
chocolate_truffle	http://www.bbc.co.uk/food/recipes/search?keywords=chocolate truffle	
choux_pastry	http://www.bbc.co.uk/food/recipes/search?dishes[]=choux_pastry	
choux_pastry	http://www.bbc.co.uk/food/recipes/search?keywords=choux pastry	
chowder	http://www.bbc.co.uk/food/recipes/search?dishes[]=chowder	
christmas_cake	http://www.bbc.co.uk/food/recipes/search?dishes[]=christmas_cake	
christmas_cake	http://www.bbc.co.uk/food/recipes/search?keywords=Christmas cake	
christmas_pudding	http://www.bbc.co.uk/food/recipes/search?dishes[]=christmas_pudding	
christmas_pudding	http://www.bbc.co.uk/food/recipes/search?keywords=Christmas pudding	
chutney	http://www.bbc.co.uk/food/recipes/search?dishes[]=chutney	
chutney	http://www.bbc.co.uk/food/recipes/search?keywords=chutney	
ciabatta	http://www.bbc.co.uk/food/recipes/search?dishes[]=ciabatta	
ciabatta	http://www.bbc.co.uk/food/recipes/search?keywords=ciabatta	
clafoutis	http://www.bbc.co.uk/food/recipes/search?dishes[]=clafoutis	
cobbler	http://www.bbc.co.uk/food/recipes/search?dishes[]=cobbler	
cocktails	http://www.bbc.co.uk/food/recipes/search?dishes[]=cocktails	
cocktails	http://www.bbc.co.uk/food/recipes/search?keywords=cocktail	
coffee_cake	http://www.bbc.co.uk/food/recipes/search?dishes[]=coffee_cake	
coleslaw	http://www.bbc.co.uk/food/recipes/search?dishes[]=coleslaw	
coleslaw	http://www.bbc.co.uk/food/recipes/search?keywords=coleslaw	
compote	http://www.bbc.co.uk/food/recipes/search?dishes[]=compote	
compote	http://www.bbc.co.uk/food/recipes/search?keywords=compôte	
confectionery	http://www.bbc.co.uk/food/recipes/search?dishes[]=confectionery	
confectionery	http://www.bbc.co.uk/food/recipes/search?keywords=confectionery	
cookies	http://www.bbc.co.uk/food/recipes/search?dishes[]=cookies	
coq_au_vin	http://www.bbc.co.uk/food/recipes/search?dishes[]=coq_au_vin	
cornbread	http://www.bbc.co.uk/food/recipes/search?dishes[]=cornbread	
cottage_pie	http://www.bbc.co.uk/food/recipes/search?dishes[]=cottage_pie	
couscous_salad	http://www.bbc.co.uk/food/recipes/search?dishes[]=couscous_salad	
crackers	http://www.bbc.co.uk/food/recipes/search?dishes[]=crackers	
crackers	http://www.bbc.co.uk/food/recipes/search?keywords=crackers	
cranberry_sauce	http://www.bbc.co.uk/food/recipes/search?dishes[]=cranberry_sauce	
cranberry_sauce	http://www.bbc.co.uk/food/recipes/search?keywords=cranberry sauce	
creme_brulee	http://www.bbc.co.uk/food/recipes/search?dishes[]=creme_brulee	
creme_caramel	http://www.bbc.co.uk/food/recipes/search?dishes[]=creme_caramel	
crepe	http://www.bbc.co.uk/food/recipes/search?dishes[]=crepe	
crepe	http://www.bbc.co.uk/food/recipes/search?keywords=crêpe	
croissant	http://www.bbc.co.uk/food/recipes/search?dishes[]=croissant	
croissant	http://www.bbc.co.uk/food/recipes/search?keywords=croissant	
crostini	http://www.bbc.co.uk/food/recipes/search?dishes[]=crostini	
crostini	http://www.bbc.co.uk/food/recipes/search?keywords=crostini	
crudites	http://www.bbc.co.uk/food/recipes/search?dishes[]=crudites	
crudites	http://www.bbc.co.uk/food/recipes/search?keywords=crudités	
crumble	http://www.bbc.co.uk/food/recipes/search?dishes[]=crumble	
crumble	http://www.bbc.co.uk/food/recipes/search?keywords=crumble	
cumberland_sauce	http://www.bbc.co.uk/food/recipes/search?dishes[]=cumberland_sauce	
cupcakes	http://www.bbc.co.uk/food/recipes/search?dishes[]=cupcakes	
curry	http://www.bbc.co.uk/food/recipes/search?dishes[]=curry	
curry	http://www.bbc.co.uk/food/recipes/search?keywords=curry	
curry_paste	http://www.bbc.co.uk/food/recipes/search?dishes[]=curry_paste	
curry_paste	http://www.bbc.co.uk/food/recipes/search?keywords=curry paste	
custard	http://www.bbc.co.uk/food/recipes/search?dishes[]=custard	
custard	http://www.bbc.co.uk/food/recipes/search?keywords=custard	
custard_tart	http://www.bbc.co.uk/food/recipes/search?dishes[]=custard_tart	
dal	http://www.bbc.co.uk/food/recipes/search?dishes[]=dal	
dauphinoise_potatoes	http://www.bbc.co.uk/food/recipes/search?dishes[]=dauphinoise_potatoes	
dim_sum	http://www.bbc.co.uk/food/recipes/search?dishes[]=dim_sum	
dips	http://www.bbc.co.uk/food/recipes/search?dishes[]=dips	
dolmades	http://www.bbc.co.uk/food/recipes/search?dishes[]=dolmades	
doughnuts	http://www.bbc.co.uk/food/recipes/search?dishes[]=doughnuts	
duck_confit	http://www.bbc.co.uk/food/recipes/search?dishes[]=duck_confit	
duck_confit	http://www.bbc.co.uk/food/recipes/search?keywords=duck confit	
english_muffin	http://www.bbc.co.uk/food/recipes/search?dishes[]=english_muffin	
english_muffin	http://www.bbc.co.uk/food/recipes/search?keywords=English muffin	
eton_mess	http://www.bbc.co.uk/food/recipes/search?dishes[]=eton_mess	
fairy_cakes	http://www.bbc.co.uk/food/recipes/search?dishes[]=fairy_cakes	
falafel	http://www.bbc.co.uk/food/recipes/search?dishes[]=falafel	
filo_pastry	http://www.bbc.co.uk/food/recipes/search?dishes[]=filo_pastry	
filo_pastry	http://www.bbc.co.uk/food/recipes/search?keywords=filo pastry	
fish_and_chips	http://www.bbc.co.uk/food/recipes/search?dishes[]=fish_and_chips	
fish_cakes	http://www.bbc.co.uk/food/recipes/search?dishes[]=fish_cakes	
fish_curry	http://www.bbc.co.uk/food/recipes/search?dishes[]=fish_curry	
fish_pie	http://www.bbc.co.uk/food/recipes/search?dishes[]=fish_pie	
fish_soup	http://www.bbc.co.uk/food/recipes/search?dishes[]=fish_soup	
flaky_pastry	http://www.bbc.co.uk/food/recipes/search?dishes[]=flaky_pastry	
flapjacks	http://www.bbc.co.uk/food/recipes/search?dishes[]=flapjacks	
flatbread	http://www.bbc.co.uk/food/recipes/search?dishes[]=flatbread	
flatbread	http://www.bbc.co.uk/food/recipes/search?keywords=flatbread	
floating_islands	http://www.bbc.co.uk/food/recipes/search?dishes[]=floating_islands	
focaccia	http://www.bbc.co.uk/food/recipes/search?dishes[]=focaccia	
focaccia	http://www.bbc.co.uk/food/recipes/search?keywords=focaccia	
fondant_fancies	http://www.bbc.co.uk/food/recipes/search?dishes[]=fondant_fancies	
fondant_potatoes	http://www.bbc.co.uk/food/recipes/search?dishes[]=fondant_potatoes	
fondue	http://www.bbc.co.uk/food/recipes/search?dishes[]=fondue	
frangipane	http://www.bbc.co.uk/food/recipes/search?dishes[]=frangipane	
fricassee	http://www.bbc.co.uk/food/recipes/search?dishes[]=fricassee	
fridge_cake	http://www.bbc.co.uk/food/recipes/search?dishes[]=fridge_cake	
fried_rice	http://www.bbc.co.uk/food/recipes/search?dishes[]=fried_rice	
frittata	http://www.bbc.co.uk/food/recipes/search?dishes[]=frittata	
frozen_desserts	http://www.bbc.co.uk/food/recipes/search?dishes[]=frozen_desserts	
fruit_cake	http://www.bbc.co.uk/food/recipes/search?dishes[]=fruit_cake	
fruit_cake	http://www.bbc.co.uk/food/recipes/search?keywords=fruit cake	
fruit_fool	http://www.bbc.co.uk/food/recipes/search?dishes[]=fruit_fool	
fruit_salad	http://www.bbc.co.uk/food/recipes/search?dishes[]=fruit_salad	
fruit_tart	http://www.bbc.co.uk/food/recipes/search?dishes[]=fruit_tart	
fudge	http://www.bbc.co.uk/food/recipes/search?dishes[]=fudge	
fudge	http://www.bbc.co.uk/food/recipes/search?keywords=fudge	
garlic_bread	http://www.bbc.co.uk/food/recipes/search?dishes[]=garlic_bread	
garlic_bread	http://www.bbc.co.uk/food/recipes/search?keywords=garlic bread	
gateau	http://www.bbc.co.uk/food/recipes/search?dishes[]=gateau	
gin_cocktail	http://www.bbc.co.uk/food/recipes/search?dishes[]=gin_cocktail	
ginger_biscuit	http://www.bbc.co.uk/food/recipes/search?dishes[]=ginger_biscuit	
ginger_biscuit	http://www.bbc.co.uk/food/recipes/search?keywords=ginger biscuit	
gingerbread	http://www.bbc.co.uk/food/recipes/search?dishes[]=gingerbread	
gingerbread	http://www.bbc.co.uk/food/recipes/search?keywords=gingerbread	
gnocchi	http://www.bbc.co.uk/food/recipes/search?dishes[]=gnocchi	
gnocchi	http://www.bbc.co.uk/food/recipes/search?keywords=gnocchi	
goujons	http://www.bbc.co.uk/food/recipes/search?dishes[]=goujons	
gratin	http://www.bbc.co.uk/food/recipes/search?dishes[]=gratin	
gratin	http://www.bbc.co.uk/food/recipes/search?keywords=gratin	
gravy	http://www.bbc.co.uk/food/recipes/search?dishes[]=gravy	
gravy	http://www.bbc.co.uk/food/recipes/search?keywords=gravy	
greek_salad	http://www.bbc.co.uk/food/recipes/search?dishes[]=greek_salad	
gremolata	http://www.bbc.co.uk/food/recipes/search?dishes[]=gremolata	
guacamole	http://www.bbc.co.uk/food/recipes/search?dishes[]=guacamole	
haggis	http://www.bbc.co.uk/food/recipes/search?keywords=haggis	
ham	http://www.bbc.co.uk/food/recipes/search?dishes[]=ham	
ham	http://www.bbc.co.uk/food/recipes/search?keywords=ham	
hollandaise_sauce	http://www.bbc.co.uk/food/recipes/search?dishes[]=hollandaise_sauce	
hollandaise_sauce	http://www.bbc.co.uk/food/recipes/search?keywords=hollandaise sauce	
honeycomb	http://www.bbc.co.uk/food/recipes/search?dishes[]=honeycomb	
honeycomb	http://www.bbc.co.uk/food/recipes/search?keywords=honeycomb	
horseradish_sauce	http://www.bbc.co.uk/food/recipes/search?dishes[]=horseradish_sauce	
horseradish_sauce	http://www.bbc.co.uk/food/recipes/search?keywords=horseradish sauce	
hot_cross_buns	http://www.bbc.co.uk/food/recipes/search?dishes[]=hot_cross_buns	
hot_cross_buns	http://www.bbc.co.uk/food/recipes/search?keywords=hot cross buns	
hot_drinks_hot_toddies	http://www.bbc.co.uk/food/recipes/search?dishes[]=hot_drinks_hot_toddies	
hot_water_crust_pastry	http://www.bbc.co.uk/food/recipes/search?dishes[]=hot_water_crust_pastry	
hotpot	http://www.bbc.co.uk/food/recipes/search?dishes[]=hotpot	
hummus	http://www.bbc.co.uk/food/recipes/search?dishes[]=hummus	
hummus	http://www.bbc.co.uk/food/recipes/search?keywords=hummus	
ice_cream	http://www.bbc.co.uk/food/recipes/search?dishes[]=ice_cream	
ice_cream	http://www.bbc.co.uk/food/recipes/search?keywords=ice cream	
icing	http://www.bbc.co.uk/food/recipes/search?dishes[]=icing	
icing	http://www.bbc.co.uk/food/recipes/search?keywords=icing	
jam	http://www.bbc.co.uk/food/recipes/search?dishes[]=jam	
jam	http://www.bbc.co.uk/food/recipes/search?keywords=jam	
jelly	http://www.bbc.co.uk/food/recipes/search?dishes[]=jelly	
jelly	http://www.bbc.co.uk/food/recipes/search?keywords=jelly	
jerk_chicken	http://www.bbc.co.uk/food/recipes/search?dishes[]=jerk_chicken	
kebab	http://www.bbc.co.uk/food/recipes/search?dishes[]=kebab	
kedgeree	http://www.bbc.co.uk/food/recipes/search?dishes[]=kedgeree	
ketchup	http://www.bbc.co.uk/food/recipes/search?dishes[]=ketchup	
ketchup	http://www.bbc.co.uk/food/recipes/search?keywords=ketchup	
lamb_kofta	http://www.bbc.co.uk/food/recipes/search?dishes[]=lamb_kofta	
lamb_burgers	http://www.bbc.co.uk/food/recipes/search?dishes[]=lamb_burgers	
lamb_curry	http://www.bbc.co.uk/food/recipes/search?dishes[]=lamb_curry	
lamb_tagine	http://www.bbc.co.uk/food/recipes/search?dishes[]=lamb_tagine	
lardy_cake	http://www.bbc.co.uk/food/recipes/search?dishes[]=lardy_cake	
lasagne	http://www.bbc.co.uk/food/recipes/search?dishes[]=lasagne	
lasagne	http://www.bbc.co.uk/food/recipes/search?keywords=lasagne	
lemon_cake	http://www.bbc.co.uk/food/recipes/search?dishes[]=lemon_cake	
lemon_curd	http://www.bbc.co.uk/food/recipes/search?dishes[]=lemon_curd	
lemon_curd	http://www.bbc.co.uk/food/recipes/search?keywords=lemon curd	
lemon_meringue_pie	http://www.bbc.co.uk/food/recipes/search?dishes[]=lemon_meringue_pie	
lemonade	http://www.bbc.co.uk/food/recipes/search?dishes[]=lemonade	
lemonade	http://www.bbc.co.uk/food/recipes/search?keywords=lemonade	
linguine	http://www.bbc.co.uk/food/recipes/search?dishes[]=linguine	
linguine	http://www.bbc.co.uk/food/recipes/search?keywords=linguine	
loaf_cake	http://www.bbc.co.uk/food/recipes/search?dishes[]=loaf_cake	
loaf_cake	http://www.bbc.co.uk/food/recipes/search?keywords=loaf cake	
macaroni_cheese	http://www.bbc.co.uk/food/recipes/search?dishes[]=macaroni_cheese	
macaroon	http://www.bbc.co.uk/food/recipes/search?dishes[]=macaroon	
macaroon	http://www.bbc.co.uk/food/recipes/search?keywords=macaroon	
madeira_cake	http://www.bbc.co.uk/food/recipes/search?dishes[]=madeira_cake	
madeira_cake	http://www.bbc.co.uk/food/recipes/search?keywords=Madeira cake	
madeleines	http://www.bbc.co.uk/food/recipes/search?dishes[]=madeleines	
mango_chutney	http://www.bbc.co.uk/food/recipes/search?dishes[]=mango_chutney	
mango_chutney	http://www.bbc.co.uk/food/recipes/search?keywords=mango chutney	
margarita	http://www.bbc.co.uk/food/recipes/search?dishes[]=margarita	
marmalade	http://www.bbc.co.uk/food/recipes/search?dishes[]=marmalade	
marmalade	http://www.bbc.co.uk/food/recipes/search?keywords=marmalade	
marshmallow	http://www.bbc.co.uk/food/recipes/search?dishes[]=marshmallow	
marshmallow	http://www.bbc.co.uk/food/recipes/search?keywords=marshmallow	
marzipan	http://www.bbc.co.uk/food/recipes/search?dishes[]=marzipan	
marzipan	http://www.bbc.co.uk/food/recipes/search?keywords=marzipan	
mashed_potato	http://www.bbc.co.uk/food/recipes/search?dishes[]=mashed_potato	
mashed_potato	http://www.bbc.co.uk/food/recipes/search?keywords=mashed potato	
mayonnaise	http://www.bbc.co.uk/food/recipes/search?dishes[]=mayonnaise	
mayonnaise	http://www.bbc.co.uk/food/recipes/search?keywords=mayonnaise	
meat_pie	http://www.bbc.co.uk/food/recipes/search?dishes[]=meat_pie	
meatballs	http://www.bbc.co.uk/food/recipes/search?dishes[]=meatballs	
meringue	http://www.bbc.co.uk/food/recipes/search?dishes[]=meringue	
meringue	http://www.bbc.co.uk/food/recipes/search?keywords=meringue	
milkshake	http://www.bbc.co.uk/food/recipes/search?dishes[]=milkshake	
millefeuille	http://www.bbc.co.uk/food/recipes/search?dishes[]=millefeuille	
mince_pies	http://www.bbc.co.uk/food/recipes/search?dishes[]=mince_pies	
mince_pies	http://www.bbc.co.uk/food/recipes/search?keywords=mince pies	
mincemeat	http://www.bbc.co.uk/food/recipes/search?dishes[]=mincemeat	
mincemeat	http://www.bbc.co.uk/food/recipes/search?keywords=mincemeat	
mint_sauce	http://www.bbc.co.uk/food/recipes/search?dishes[]=mint_sauce	
mint_sauce	http://www.bbc.co.uk/food/recipes/search?keywords=mint sauce	
mojito	http://www.bbc.co.uk/food/recipes/search?dishes[]=mojito	
moules_mariniere	http://www.bbc.co.uk/food/recipes/search?dishes[]=moules_mariniere	
moussaka	http://www.bbc.co.uk/food/recipes/search?dishes[]=moussaka	
mousse	http://www.bbc.co.uk/food/recipes/search?dishes[]=mousse	
muesli	http://www.bbc.co.uk/food/recipes/search?dishes[]=muesli	
muesli	http://www.bbc.co.uk/food/recipes/search?keywords=muesli	
muffins	http://www.bbc.co.uk/food/recipes/search?dishes[]=muffins	
muffins	http://www.bbc.co.uk/food/recipes/search?keywords=muffins	
mulled_wine	http://www.bbc.co.uk/food/recipes/search?dishes[]=mulled_wine	
naan_bread	http://www.bbc.co.uk/food/recipes/search?dishes[]=naan_bread	
naan_bread	http://www.bbc.co.uk/food/recipes/search?keywords=naan bread	
nicoise_salad	http://www.bbc.co.uk/food/recipes/search?dishes[]=nicoise_salad	
no-cook_meals	http://www.bbc.co.uk/food/recipes/search?dishes[]=no-cook_meals	
non-alcoholic_cocktail	http://www.bbc.co.uk/food/recipes/search?dishes[]=non-alcoholic_cocktail	
noodle_salad	http://www.bbc.co.uk/food/recipes/search?dishes[]=noodle_salad	
noodle_soup	http://www.bbc.co.uk/food/recipes/search?dishes[]=noodle_soup	
noodle_soup	http://www.bbc.co.uk/food/recipes/search?keywords=noodle soup	
nougat	http://www.bbc.co.uk/food/recipes/search?dishes[]=nougat	
nougat	http://www.bbc.co.uk/food/recipes/search?keywords=nougat	
oatcake	http://www.bbc.co.uk/food/recipes/search?dishes[]=oatcake	
oatcake	http://www.bbc.co.uk/food/recipes/search?keywords=oatcakes	
omelette	http://www.bbc.co.uk/food/recipes/search?dishes[]=omelette	
one-pot_dishes	http://www.bbc.co.uk/food/recipes/search?dishes[]=one-pot_dishes	
oven-baked_dishes	http://www.bbc.co.uk/food/recipes/search?dishes[]=oven-baked_dishes	
paella	http://www.bbc.co.uk/food/recipes/search?dishes[]=paella	
paella	http://www.bbc.co.uk/food/recipes/search?keywords=paella	
pancake	http://www.bbc.co.uk/food/recipes/search?dishes[]=pancake	
pancake	http://www.bbc.co.uk/food/recipes/search?keywords=pancakes	
paneer	http://www.bbc.co.uk/food/recipes/search?dishes[]=paneer	
paneer	http://www.bbc.co.uk/food/recipes/search?keywords=paneer	
panettone	http://www.bbc.co.uk/food/recipes/search?dishes[]=panettone	
panettone	http://www.bbc.co.uk/food/recipes/search?keywords=panettone	
panna_cotta	http://www.bbc.co.uk/food/recipes/search?dishes[]=panna_cotta	
pappardelle	http://www.bbc.co.uk/food/recipes/search?dishes[]=pappardelle	
pappardelle	http://www.bbc.co.uk/food/recipes/search?keywords=pappardelle	
parfait	http://www.bbc.co.uk/food/recipes/search?dishes[]=parfait	
parfait	http://www.bbc.co.uk/food/recipes/search?keywords=parfait	
pasta	http://www.bbc.co.uk/food/recipes/search?dishes[]=pasta	
pasta	http://www.bbc.co.uk/food/recipes/search?keywords=pasta	
pasta_bakes	http://www.bbc.co.uk/food/recipes/search?dishes[]=pasta_bakes	
pasta_salad	http://www.bbc.co.uk/food/recipes/search?dishes[]=pasta_salad	
pasta_sauce	http://www.bbc.co.uk/food/recipes/search?dishes[]=pasta_sauce	
pastry	http://www.bbc.co.uk/food/recipes/search?dishes[]=pastry	
pastry	http://www.bbc.co.uk/food/recipes/search?keywords=pastry	
pasty	http://www.bbc.co.uk/food/recipes/search?dishes[]=pasty	
pasty	http://www.bbc.co.uk/food/recipes/search?keywords=pasty	
pate	http://www.bbc.co.uk/food/recipes/search?dishes[]=pate	
pate	http://www.bbc.co.uk/food/recipes/search?keywords=pâté	
patisserie	http://www.bbc.co.uk/food/recipes/search?dishes[]=patisserie	
pavlova	http://www.bbc.co.uk/food/recipes/search?dishes[]=pavlova	
pesto	http://www.bbc.co.uk/food/recipes/search?dishes[]=pesto	
pesto	http://www.bbc.co.uk/food/recipes/search?keywords=pesto	
petit_fours	http://www.bbc.co.uk/food/recipes/search?dishes[]=petit_fours	
piccalilli	http://www.bbc.co.uk/food/recipes/search?dishes[]=piccalilli	
piccalilli	http://www.bbc.co.uk/food/recipes/search?keywords=piccalilli	
pickle	http://www.bbc.co.uk/food/recipes/search?dishes[]=pickle	
pickle	http://www.bbc.co.uk/food/recipes/search?keywords=pickle	
pie	http://www.bbc.co.uk/food/recipes/search?dishes[]=pie	
pilaf	http://www.bbc.co.uk/food/recipes/search?dishes[]=pilaf	
piri-piri	http://www.bbc.co.uk/food/recipes/search?dishes[]=piri-piri	
piri-piri	http://www.bbc.co.uk/food/recipes/search?keywords=piri-piri	
pitta_bread	http://www.bbc.co.uk/food/recipes/search?dishes[]=pitta_bread	
pitta_bread	http://www.bbc.co.uk/food/recipes/search?keywords=pitta bread	
pizza	http://www.bbc.co.uk/food/recipes/search?dishes[]=pizza	
pork_pie	http://www.bbc.co.uk/food/recipes/search?dishes[]=pork_pie	
potato_rosti	http://www.bbc.co.uk/food/recipes/search?dishes[]=potato_rosti	
potato_salad	http://www.bbc.co.uk/food/recipes/search?dishes[]=potato_salad	
potato_wedges	http://www.bbc.co.uk/food/recipes/search?dishes[]=potato_wedges	
potato_wedges	http://www.bbc.co.uk/food/recipes/search?keywords=potato wedges	
praline	http://www.bbc.co.uk/food/recipes/search?dishes[]=praline	
praline	http://www.bbc.co.uk/food/recipes/search?keywords=praline	
prawn_cocktail	http://www.bbc.co.uk/food/recipes/search?dishes[]=prawn_cocktail	
prawn_curry	http://www.bbc.co.uk/food/recipes/search?dishes[]=prawn_curry	
prepare-ahead_desserts	http://www.bbc.co.uk/food/recipes/search?dishes[]=prepare-ahead_desserts	
preserved_lemons	http://www.bbc.co.uk/food/recipes/search?dishes[]=preserved_lemons	
preserved_lemons	http://www.bbc.co.uk/food/recipes/search?keywords=preserved lemons	
preserves	http://www.bbc.co.uk/food/recipes/search?dishes[]=preserves	
preserves	http://www.bbc.co.uk/food/recipes/search?keywords=preserves	
pretzels	http://www.bbc.co.uk/food/recipes/search?dishes[]=pretzels	
profiteroles	http://www.bbc.co.uk/food/recipes/search?dishes[]=profiteroles	
puff_pastry	http://www.bbc.co.uk/food/recipes/search?dishes[]=puff_pastry	
puff_pastry	http://www.bbc.co.uk/food/recipes/search?keywords=puff pastry	
pulled_pork	http://www.bbc.co.uk/food/recipes/search?dishes[]=pulled_pork	
pulled_pork	http://www.bbc.co.uk/food/recipes/search?keywords=pulled pork	
punch	http://www.bbc.co.uk/food/recipes/search?dishes[]=punch	
quesadilla	http://www.bbc.co.uk/food/recipes/search?dishes[]=quesadilla	
quiche	http://www.bbc.co.uk/food/recipes/search?dishes[]=quiche	
quick_desserts	http://www.bbc.co.uk/food/recipes/search?dishes[]=quick_desserts	
quick_snacks	http://www.bbc.co.uk/food/recipes/search?dishes[]=quick_snacks	
quick_suppers	http://www.bbc.co.uk/food/recipes/search?dishes[]=quick_suppers	
ragu	http://www.bbc.co.uk/food/recipes/search?dishes[]=ragu	
raita	http://www.bbc.co.uk/food/recipes/search?dishes[]=raita	
raita	http://www.bbc.co.uk/food/recipes/search?keywords=raita	
ratafia_biscuits	http://www.bbc.co.uk/food/recipes/search?dishes[]=ratafia_biscuits	
ratafia_biscuits	http://www.bbc.co.uk/food/recipes/search?keywords=ratafia biscuits	
ratatouille	http://www.bbc.co.uk/food/recipes/search?dishes[]=ratatouille	
ratatouille	http://www.bbc.co.uk/food/recipes/search?keywords=ratatouille	
ravioli	http://www.bbc.co.uk/food/recipes/search?dishes[]=ravioli	
rhubarb_crumble	http://www.bbc.co.uk/food/recipes/search?dishes[]=rhubarb_crumble	
rhubarb_fool	http://www.bbc.co.uk/food/recipes/search?dishes[]=rhubarb_fool	
rice_pudding	http://www.bbc.co.uk/food/recipes/search?dishes[]=rice_pudding	
rillettes	http://www.bbc.co.uk/food/recipes/search?dishes[]=rillettes	
risotto	http://www.bbc.co.uk/food/recipes/search?dishes[]=risotto	
risotto	http://www.bbc.co.uk/food/recipes/search?keywords=risotto	
roast_beef	http://www.bbc.co.uk/food/recipes/search?dishes[]=roast_beef	
roast_beef	http://www.bbc.co.uk/food/recipes/search?keywords=roast beef	
roast_chicken	http://www.bbc.co.uk/food/recipes/search?dishes[]=roast_chicken	
roast_chicken	http://www.bbc.co.uk/food/recipes/search?keywords=roast chicken	
roast_goose	http://www.bbc.co.uk/food/recipes/search?dishes[]=roast_goose	
roast_lamb	http://www.bbc.co.uk/food/recipes/search?dishes[]=roast_lamb	
roast_lamb	http://www.bbc.co.uk/food/recipes/search?keywords=roast lamb	
roast_pork	http://www.bbc.co.uk/food/recipes/search?dishes[]=roast_pork	
roast_pork	http://www.bbc.co.uk/food/recipes/search?keywords=roast pork	
roast_potatoes	http://www.bbc.co.uk/food/recipes/search?dishes[]=roast_potatoes	
roast_potatoes	http://www.bbc.co.uk/food/recipes/search?keywords=roast potatoes	
roast_turkey	http://www.bbc.co.uk/food/recipes/search?dishes[]=roast_turkey	
roasted_vegetables	http://www.bbc.co.uk/food/recipes/search?dishes[]=roasted_vegetables	
roasted_vegetables	http://www.bbc.co.uk/food/recipes/search?keywords=roasted vegetables	
rock_cake	http://www.bbc.co.uk/food/recipes/search?dishes[]=rock_cake	
roux	http://www.bbc.co.uk/food/recipes/search?dishes[]=roux	
royal_icing	http://www.bbc.co.uk/food/recipes/search?dishes[]=royal_icing	
royal_icing	http://www.bbc.co.uk/food/recipes/search?keywords=royal icing	
rum_cocktail	http://www.bbc.co.uk/food/recipes/search?dishes[]=rum_cocktail	
rye_bread	http://www.bbc.co.uk/food/recipes/search?dishes[]=rye_bread	
rye_bread	http://www.bbc.co.uk/food/recipes/search?keywords=rye bread	
salad	http://www.bbc.co.uk/food/recipes/search?dishes[]=salad	
salad	http://www.bbc.co.uk/food/recipes/search?keywords=salad	
salad_cream	http://www.bbc.co.uk/food/recipes/search?dishes[]=salad_cream	
salad_cream	http://www.bbc.co.uk/food/recipes/search?keywords=salad cream	
salmon_en_croute	http://www.bbc.co.uk/food/recipes/search?dishes[]=salmon_en_croute	
salsa	http://www.bbc.co.uk/food/recipes/search?dishes[]=salsa	
salted_beef	http://www.bbc.co.uk/food/recipes/search?dishes[]=salted_beef	
salted_beef	http://www.bbc.co.uk/food/recipes/search?keywords=Salt beef	
samosa	http://www.bbc.co.uk/food/recipes/search?dishes[]=samosa	
sandwich	http://www.bbc.co.uk/food/recipes/search?dishes[]=sandwich	
sashimi	http://www.bbc.co.uk/food/recipes/search?dishes[]=sashimi	
satay	http://www.bbc.co.uk/food/recipes/search?dishes[]=satay	
sauce	http://www.bbc.co.uk/food/recipes/search?dishes[]=sauce	
sauce	http://www.bbc.co.uk/food/recipes/search?keywords=sauces	
sausage	http://www.bbc.co.uk/food/recipes/search?dishes[]=sausage	
sausage	http://www.bbc.co.uk/food/recipes/search?keywords=sausage	
sausage_casserole	http://www.bbc.co.uk/food/recipes/search?dishes[]=sausage_casserole	
sausage_roll	http://www.bbc.co.uk/food/recipes/search?dishes[]=sausage_roll	
scone	http://www.bbc.co.uk/food/recipes/search?dishes[]=scone	
scrambled_eggs	http://www.bbc.co.uk/food/recipes/search?dishes[]=scrambled_eggs	
seafood	http://www.bbc.co.uk/food/recipes/search?dishes[]=seafood	
seafood	http://www.bbc.co.uk/food/recipes/search?keywords=seafood	
shepherds_pie	http://www.bbc.co.uk/food/recipes/search?dishes[]=shepherds_pie	
shortbread	http://www.bbc.co.uk/food/recipes/search?dishes[]=shortbread	
shortbread	http://www.bbc.co.uk/food/recipes/search?keywords=shortbread	
shortcrust_pastry	http://www.bbc.co.uk/food/recipes/search?dishes[]=shortcrust_pastry	
shortcrust_pastry	http://www.bbc.co.uk/food/recipes/search?keywords=shortcrust pastry	
simnel_cake	http://www.bbc.co.uk/food/recipes/search?dishes[]=simnel_cake	
sloe_gin	http://www.bbc.co.uk/food/recipes/search?dishes[]=sloe_gin	
sloe_gin	http://www.bbc.co.uk/food/recipes/search?keywords=sloe gin	
slow-cooked_dishes	http://www.bbc.co.uk/food/recipes/search?dishes[]=slow-cooked_dishes	
smoothie	http://www.bbc.co.uk/food/recipes/search?dishes[]=smoothie	
soda_bread	http://www.bbc.co.uk/food/recipes/search?dishes[]=soda_bread	
soda_bread	http://www.bbc.co.uk/food/recipes/search?keywords=soda bread	
sorbet	http://www.bbc.co.uk/food/recipes/search?dishes[]=sorbet	
sorbet	http://www.bbc.co.uk/food/recipes/search?keywords=sorbet	
souffle	http://www.bbc.co.uk/food/recipes/search?dishes[]=souffle	
soup	http://www.bbc.co.uk/food/recipes/search?dishes[]=soup	
sourdough_bread	http://www.bbc.co.uk/food/recipes/search?dishes[]=sourdough_bread	
sourdough_bread	http://www.bbc.co.uk/food/recipes/search?keywords=sourdough bread	
spaghetti_bolognese	http://www.bbc.co.uk/food/recipes/search?dishes[]=spaghetti_bolognese	
spaghetti_carbonara	http://www.bbc.co.uk/food/recipes/search?dishes[]=spaghetti_carbonara	
sponge_cake	http://www.bbc.co.uk/food/recipes/search?dishes[]=sponge_cake	
sponge_cake	http://www.bbc.co.uk/food/recipes/search?keywords=sponge cake	
spring_rolls	http://www.bbc.co.uk/food/recipes/search?dishes[]=spring_rolls	
steak_and_kidney_pudding	http://www.bbc.co.uk/food/recipes/search?dishes[]=steak_and_kidney_pudding	
steamed_pudding	http://www.bbc.co.uk/food/recipes/search?dishes[]=steamed_pudding	
sponge_pudding	http://www.bbc.co.uk/food/recipes/search?dishes[]=sponge_pudding	
stew	http://www.bbc.co.uk/food/recipes/search?dishes[]=stew	
sticky_toffee_pudding	http://www.bbc.co.uk/food/recipes/search?dishes[]=sticky_toffee_pudding	
stir-fries	http://www.bbc.co.uk/food/recipes/search?dishes[]=stir-fries	
stock	http://www.bbc.co.uk/food/recipes/search?dishes[]=stock	
stock	http://www.bbc.co.uk/food/recipes/search?keywords=stock	
strawberry_jam	http://www.bbc.co.uk/food/recipes/search?dishes[]=strawberry_jam	
strawberry_jam	http://www.bbc.co.uk/food/recipes/search?keywords=strawberry jam	
stroganoff	http://www.bbc.co.uk/food/recipes/search?dishes[]=stroganoff	
strudel	http://www.bbc.co.uk/food/recipes/search?dishes[]=strudel	
stuffed_pepper	http://www.bbc.co.uk/food/recipes/search?dishes[]=stuffed_pepper	
stuffing	http://www.bbc.co.uk/food/recipes/search?dishes[]=stuffing	
stuffing	http://www.bbc.co.uk/food/recipes/search?keywords=stuffing	
summer_pudding	http://www.bbc.co.uk/food/recipes/search?dishes[]=summer_pudding	
sushi	http://www.bbc.co.uk/food/recipes/search?dishes[]=sushi	
swiss_roll	http://www.bbc.co.uk/food/recipes/search?dishes[]=swiss_roll	
swiss_roll	http://www.bbc.co.uk/food/recipes/search?keywords=swiss rolls and roulades	
syllabub	http://www.bbc.co.uk/food/recipes/search?dishes[]=syllabub	
taco	http://www.bbc.co.uk/food/recipes/search?dishes[]=taco	
taco	http://www.bbc.co.uk/food/recipes/search?keywords=taco	
tagine	http://www.bbc.co.uk/food/recipes/search?dishes[]=tagine	
tagliatelle	http://www.bbc.co.uk/food/recipes/search?dishes[]=tagliatelle	
tagliatelle	http://www.bbc.co.uk/food/recipes/search?keywords=tagliatelle	
tapenade	http://www.bbc.co.uk/food/recipes/search?dishes[]=tapenade	
tapenade	http://www.bbc.co.uk/food/recipes/search?keywords=tapenade	
tartare_sauce	http://www.bbc.co.uk/food/recipes/search?dishes[]=tartare_sauce	
tarte_tatin	http://www.bbc.co.uk/food/recipes/search?dishes[]=tarte_tatin	
tarts	http://www.bbc.co.uk/food/recipes/search?dishes[]=tarts	
tea_bread	http://www.bbc.co.uk/food/recipes/search?dishes[]=tea_bread	
teacake	http://www.bbc.co.uk/food/recipes/search?dishes[]=teacake	
tempura	http://www.bbc.co.uk/food/recipes/search?dishes[]=tempura	
tempura	http://www.bbc.co.uk/food/recipes/search?keywords=tempura	
tequila_cocktail	http://www.bbc.co.uk/food/recipes/search?dishes[]=tequila_cocktail	
teriyaki	http://www.bbc.co.uk/food/recipes/search?dishes[]=teriyaki	
teriyaki	http://www.bbc.co.uk/food/recipes/search?keywords=teriyaki	
terrine	http://www.bbc.co.uk/food/recipes/search?dishes[]=terrine	
terrine	http://www.bbc.co.uk/food/recipes/search?keywords=terrine	
thai_chicken_curry	http://www.bbc.co.uk/food/recipes/search?dishes[]=thai_chicken_curry	
thai_soup	http://www.bbc.co.uk/food/recipes/search?dishes[]=thai_soup	
tiramisu	http://www.bbc.co.uk/food/recipes/search?dishes[]=tiramisu	
toad_in_the_hole	http://www.bbc.co.uk/food/recipes/search?dishes[]=toad_in_the_hole	
toffee	http://www.bbc.co.uk/food/recipes/search?dishes[]=toffee	
toffee	http://www.bbc.co.uk/food/recipes/search?keywords=toffee	
tomato_chutney	http://www.bbc.co.uk/food/recipes/search?dishes[]=tomato_chutney	
tomato_chutney	http://www.bbc.co.uk/food/recipes/search?keywords=tomato chutney	
tomato_soup	http://www.bbc.co.uk/food/recipes/search?dishes[]=tomato_soup	
torte	http://www.bbc.co.uk/food/recipes/search?dishes[]=torte	
tortellini	http://www.bbc.co.uk/food/recipes/search?dishes[]=tortellini	
trifle	http://www.bbc.co.uk/food/recipes/search?dishes[]=trifle	
turkey_curry	http://www.bbc.co.uk/food/recipes/search?dishes[]=turkey_curry	
upside-down_cake	http://www.bbc.co.uk/food/recipes/search?dishes[]=upside-down_cake	
vegetable_curry	http://www.bbc.co.uk/food/recipes/search?dishes[]=vegetable_curry	
vegetable_soup	http://www.bbc.co.uk/food/recipes/search?dishes[]=vegetable_soup	
vegetable_stock	http://www.bbc.co.uk/food/recipes/search?dishes[]=vegetable_stock	
vegetable_stock	http://www.bbc.co.uk/food/recipes/search?keywords=vegetable stock	
vegetarian_sausage	http://www.bbc.co.uk/food/recipes/search?dishes[]=vegetarian_sausage	
vegetarian_sausage	http://www.bbc.co.uk/food/recipes/search?keywords=vegetarian sausage	
veggie_chilli	http://www.bbc.co.uk/food/recipes/search?dishes[]=veggie_chilli	
veggie_stew	http://www.bbc.co.uk/food/recipes/search?dishes[]=veggie_stew	
victoria_sponge	http://www.bbc.co.uk/food/recipes/search?dishes[]=victoria_sponge	
vodka_cocktail	http://www.bbc.co.uk/food/recipes/search?dishes[]=vodka_cocktail	
vodka_cocktail	http://www.bbc.co.uk/food/recipes/search?keywords=vodka cocktail	
vol-au-vent	http://www.bbc.co.uk/food/recipes/search?dishes[]=vol-au-vent	
waffles	http://www.bbc.co.uk/food/recipes/search?dishes[]=waffles	
waffles	http://www.bbc.co.uk/food/recipes/search?keywords=waffles	
warm_salad	http://www.bbc.co.uk/food/recipes/search?dishes[]=warm_salad	
wedding_cake	http://www.bbc.co.uk/food/recipes/search?dishes[]=wedding_cake	
welsh_cakes	http://www.bbc.co.uk/food/recipes/search?dishes[]=welsh_cakes	
welsh_rarebit	http://www.bbc.co.uk/food/recipes/search?dishes[]=welsh_rarebit	
whisky_cocktail	http://www.bbc.co.uk/food/recipes/search?dishes[]=whisky_cocktail	
whisky_cocktail	http://www.bbc.co.uk/food/recipes/search?keywords=whisky cocktail	
white_bread	http://www.bbc.co.uk/food/recipes/search?dishes[]=white_bread	
white_bread	http://www.bbc.co.uk/food/recipes/search?keywords=white bread	
white_sauce	http://www.bbc.co.uk/food/recipes/search?dishes[]=white_sauce	
whole_wheat_pasta	http://www.bbc.co.uk/food/recipes/search?dishes[]=whole_wheat_pasta	
whole_wheat_pasta	http://www.bbc.co.uk/food/recipes/search?keywords=Whole wheat pasta	
wholemeal_bread	http://www.bbc.co.uk/food/recipes/search?dishes[]=wholemeal_bread	
wholemeal_bread	http://www.bbc.co.uk/food/recipes/search?keywords=wholemeal bread	
wraps	http://www.bbc.co.uk/food/recipes/search?dishes[]=wraps	
wraps	http://www.bbc.co.uk/food/recipes/search?keywords=wraps	
yorkshire_pudding	http://www.bbc.co.uk/food/recipes/search?dishes[]=yorkshire_pudding	
zabaglione	http://www.bbc.co.uk/food/recipes/search?dishes[]=zabaglione	
