almond_cake	http://www.bbc.co.uk/food/almond_cake	
apple_chutney	http://www.bbc.co.uk/food/apple_chutney	
apple_crumble	http://www.bbc.co.uk/food/apple_crumble	
apple_pie	http://www.bbc.co.uk/food/apple_pie	
apple_sauce	http://www.bbc.co.uk/food/apple_sauce	
apricot_jam	http://www.bbc.co.uk/food/apricot_jam	
bagel	http://www.bbc.co.uk/food/bagel	
baguette	http://www.bbc.co.uk/food/baguette	
baked_alaska	http://www.bbc.co.uk/food/baked_alaska	
bakewell_tart	http://www.bbc.co.uk/food/bakewell_tart	
cakes_and_baking	http://www.bbc.co.uk/food/cakes_and_baking	
banana_bread	http://www.bbc.co.uk/food/banana_bread	
bannocks	http://www.bbc.co.uk/food/bannocks	
banoffee_pie	http://www.bbc.co.uk/food/banoffee_pie	
barbecue_sauce	http://www.bbc.co.uk/food/barbecue_sauce	
bearnaise_sauce	http://www.bbc.co.uk/food/bearnaise_sauce	
bechamel_sauce	http://www.bbc.co.uk/food/bechamel_sauce	
beef_bourguignon	http://www.bbc.co.uk/food/beef_bourguignon	
beef_curry	http://www.bbc.co.uk/food/beef_curry	
beef_stew	http://www.bbc.co.uk/food/beef_stew	
beef_stock	http://www.bbc.co.uk/food/beef_stock	
beef_wellington	http://www.bbc.co.uk/food/beef_wellington	
bhaji	http://www.bbc.co.uk/food/bhaji	
biryani	http://www.bbc.co.uk/food/biryani	
biscotti	http://www.bbc.co.uk/food/biscotti	
biscuit	http://www.bbc.co.uk/food/biscuit	
black_forest_gateau	http://www.bbc.co.uk/food/black_forest_gateau	
blackbean_sauce	http://www.bbc.co.uk/food/blackbean_sauce	
blini	http://www.bbc.co.uk/food/blini	
brandy_butter	http://www.bbc.co.uk/food/brandy_butter	
brandy_snaps	http://www.bbc.co.uk/food/brandy_snaps	
bread	http://www.bbc.co.uk/food/bread	
bread_and_butter_pudding	http://www.bbc.co.uk/food/bread_and_butter_pudding	
bread_roll	http://www.bbc.co.uk/food/bread_roll	
bread_sauce	http://www.bbc.co.uk/food/bread_sauce	
breadsticks	http://www.bbc.co.uk/food/breadsticks	
brioche	http://www.bbc.co.uk/food/brioche	
broth	http://www.bbc.co.uk/food/broth	
bruschetta	http://www.bbc.co.uk/food/bruschetta	
bun	http://www.bbc.co.uk/food/bun	
beef_burger	http://www.bbc.co.uk/food/beef_burger	
buttercream_icing	http://www.bbc.co.uk/food/buttercream_icing	
caesar_salad	http://www.bbc.co.uk/food/caesar_salad	
cake	http://www.bbc.co.uk/food/cake	
calzone	http://www.bbc.co.uk/food/calzone	
canape	http://www.bbc.co.uk/food/canape	
cannelloni	http://www.bbc.co.uk/food/cannelloni	
caramel	http://www.bbc.co.uk/food/caramel	
carpaccio	http://www.bbc.co.uk/food/carpaccio	
carrot_cake	http://www.bbc.co.uk/food/carrot_cake	
casserole	http://www.bbc.co.uk/food/casserole	
cassoulet	http://www.bbc.co.uk/food/cassoulet	
cauliflower_cheese	http://www.bbc.co.uk/food/cauliflower_cheese	
ceviche	http://www.bbc.co.uk/food/ceviche	
champ	http://www.bbc.co.uk/food/champ	
champagne_cocktail	http://www.bbc.co.uk/food/champagne_cocktail	
chapatis	http://www.bbc.co.uk/food/chapatis	
charlotte	http://www.bbc.co.uk/food/charlotte	
cheese_sauce	http://www.bbc.co.uk/food/cheese_sauce	
cheese_straws	http://www.bbc.co.uk/food/cheese_straws	
cheesecake	http://www.bbc.co.uk/food/cheesecake	
chicken_casserole	http://www.bbc.co.uk/food/chicken_casserole	
chicken_curry	http://www.bbc.co.uk/food/chicken_curry	
chicken_kiev	http://www.bbc.co.uk/food/chicken_kiev	
chicken_pie	http://www.bbc.co.uk/food/chicken_pie	
chicken_salad	http://www.bbc.co.uk/food/chicken_salad	
chicken_soup	http://www.bbc.co.uk/food/chicken_soup	
chicken_stew	http://www.bbc.co.uk/food/chicken_stew	
chicken_stock	http://www.bbc.co.uk/food/chicken_stock	
chicken_tagine	http://www.bbc.co.uk/food/chicken_tagine	
chilled_soup	http://www.bbc.co.uk/food/chilled_soup	
chilli_con_carne	http://www.bbc.co.uk/food/chilli_con_carne	
chilli_oil	http://www.bbc.co.uk/food/chilli_oil	
chips	http://www.bbc.co.uk/food/chips	
chocolate_biscuit	http://www.bbc.co.uk/food/chocolate_biscuit	
chocolate_brownies	http://www.bbc.co.uk/food/chocolate_brownies	
chocolate_cake	http://www.bbc.co.uk/food/chocolate_cake	
chocolate_dessert	http://www.bbc.co.uk/food/chocolate_dessert	
chocolate_fondant	http://www.bbc.co.uk/food/chocolate_fondant	
chocolate_mousse	http://www.bbc.co.uk/food/chocolate_mousse	
chocolate_tart	http://www.bbc.co.uk/food/chocolate_tart	
chocolate_truffle	http://www.bbc.co.uk/food/chocolate_truffle	
choux_pastry	http://www.bbc.co.uk/food/choux_pastry	
chowder	http://www.bbc.co.uk/food/chowder	
christmas_cake	http://www.bbc.co.uk/food/christmas_cake	
christmas_pudding	http://www.bbc.co.uk/food/christmas_pudding	
chutney	http://www.bbc.co.uk/food/chutney	
ciabatta	http://www.bbc.co.uk/food/ciabatta	
clafoutis	http://www.bbc.co.uk/food/clafoutis	
cobbler	http://www.bbc.co.uk/food/cobbler	
cocktails	http://www.bbc.co.uk/food/cocktails	
coffee_cake	http://www.bbc.co.uk/food/coffee_cake	
coleslaw	http://www.bbc.co.uk/food/coleslaw	
compote	http://www.bbc.co.uk/food/compote	
confectionery	http://www.bbc.co.uk/food/confectionery	
cookies	http://www.bbc.co.uk/food/cookies	
coq_au_vin	http://www.bbc.co.uk/food/coq_au_vin	
cornbread	http://www.bbc.co.uk/food/cornbread	
cottage_pie	http://www.bbc.co.uk/food/cottage_pie	
couscous_salad	http://www.bbc.co.uk/food/couscous_salad	
crackers	http://www.bbc.co.uk/food/crackers	
cranberry_sauce	http://www.bbc.co.uk/food/cranberry_sauce	
creme_brulee	http://www.bbc.co.uk/food/creme_brulee	
creme_caramel	http://www.bbc.co.uk/food/creme_caramel	
crepe	http://www.bbc.co.uk/food/crepe	
croissant	http://www.bbc.co.uk/food/croissant	
crostini	http://www.bbc.co.uk/food/crostini	
crudites	http://www.bbc.co.uk/food/crudites	
crumble	http://www.bbc.co.uk/food/crumble	
cumberland_sauce	http://www.bbc.co.uk/food/cumberland_sauce	
cupcakes	http://www.bbc.co.uk/food/cupcakes	
currant_bun	http://www.bbc.co.uk/food/currant_bun	
curry	http://www.bbc.co.uk/food/curry	
curry_paste	http://www.bbc.co.uk/food/curry_paste	
custard	http://www.bbc.co.uk/food/custard	
custard_tart	http://www.bbc.co.uk/food/custard_tart	
dal	http://www.bbc.co.uk/food/dal	
dauphinoise_potatoes	http://www.bbc.co.uk/food/dauphinoise_potatoes	
dim_sum	http://www.bbc.co.uk/food/dim_sum	
dips	http://www.bbc.co.uk/food/dips	
dolmades	http://www.bbc.co.uk/food/dolmades	
dosa	http://www.bbc.co.uk/food/dosa	
doughnuts	http://www.bbc.co.uk/food/doughnuts	
duck_confit	http://www.bbc.co.uk/food/duck_confit	
english_muffin	http://www.bbc.co.uk/food/english_muffin	
eton_mess	http://www.bbc.co.uk/food/eton_mess	
fairy_cakes	http://www.bbc.co.uk/food/fairy_cakes	
falafel	http://www.bbc.co.uk/food/falafel	
filo_pastry	http://www.bbc.co.uk/food/filo_pastry	
fish_and_chips	http://www.bbc.co.uk/food/fish_and_chips	
fish_cakes	http://www.bbc.co.uk/food/fish_cakes	
fish_curry	http://www.bbc.co.uk/food/fish_curry	
fish_pie	http://www.bbc.co.uk/food/fish_pie	
fish_soup	http://www.bbc.co.uk/food/fish_soup	
flaky_pastry	http://www.bbc.co.uk/food/flaky_pastry	
flapjacks	http://www.bbc.co.uk/food/flapjacks	
flatbread	http://www.bbc.co.uk/food/flatbread	
floating_islands	http://www.bbc.co.uk/food/floating_islands	
focaccia	http://www.bbc.co.uk/food/focaccia	
fondant_fancies	http://www.bbc.co.uk/food/fondant_fancies	
fondant_potatoes	http://www.bbc.co.uk/food/fondant_potatoes	
fondue	http://www.bbc.co.uk/food/fondue	
frangipane	http://www.bbc.co.uk/food/frangipane	
fricassee	http://www.bbc.co.uk/food/fricassee	
fridge_cake	http://www.bbc.co.uk/food/fridge_cake	
fried_rice	http://www.bbc.co.uk/food/fried_rice	
frittata	http://www.bbc.co.uk/food/frittata	
frozen_desserts	http://www.bbc.co.uk/food/frozen_desserts	
fruit_cake	http://www.bbc.co.uk/food/fruit_cake	
fruit_fool	http://www.bbc.co.uk/food/fruit_fool	
fruit_salad	http://www.bbc.co.uk/food/fruit_salad	
fruit_tart	http://www.bbc.co.uk/food/fruit_tart	
fudge	http://www.bbc.co.uk/food/fudge	
garlic_bread	http://www.bbc.co.uk/food/garlic_bread	
gateau	http://www.bbc.co.uk/food/gateau	
gin_cocktail	http://www.bbc.co.uk/food/gin_cocktail	
ginger_biscuit	http://www.bbc.co.uk/food/ginger_biscuit	
gingerbread	http://www.bbc.co.uk/food/gingerbread	
gnocchi	http://www.bbc.co.uk/food/gnocchi	
goujons	http://www.bbc.co.uk/food/goujons	
gratin	http://www.bbc.co.uk/food/gratin	
gravy	http://www.bbc.co.uk/food/gravy	
greek_salad	http://www.bbc.co.uk/food/greek_salad	
gremolata	http://www.bbc.co.uk/food/gremolata	
guacamole	http://www.bbc.co.uk/food/guacamole	
haggis	http://www.bbc.co.uk/food/haggis	
ham	http://www.bbc.co.uk/food/ham	
hollandaise_sauce	http://www.bbc.co.uk/food/hollandaise_sauce	
honeycomb	http://www.bbc.co.uk/food/honeycomb	
horseradish_sauce	http://www.bbc.co.uk/food/horseradish_sauce	
hot_cross_buns	http://www.bbc.co.uk/food/hot_cross_buns	
hot_drinks_hot_toddies	http://www.bbc.co.uk/food/hot_drinks_hot_toddies	
hot_water_crust_pastry	http://www.bbc.co.uk/food/hot_water_crust_pastry	
hotpot	http://www.bbc.co.uk/food/hotpot	
hummus	http://www.bbc.co.uk/food/hummus	
ice_cream	http://www.bbc.co.uk/food/ice_cream	
icing	http://www.bbc.co.uk/food/icing	
jam	http://www.bbc.co.uk/food/jam	
jelly	http://www.bbc.co.uk/food/jelly	
jerk_chicken	http://www.bbc.co.uk/food/jerk_chicken	
kebab	http://www.bbc.co.uk/food/kebab	
kedgeree	http://www.bbc.co.uk/food/kedgeree	
ketchup	http://www.bbc.co.uk/food/ketchup	
lamb_kofta	http://www.bbc.co.uk/food/lamb_kofta	
lamb_burgers	http://www.bbc.co.uk/food/lamb_burgers	
lamb_curry	http://www.bbc.co.uk/food/lamb_curry	
lamb_tagine	http://www.bbc.co.uk/food/lamb_tagine	
lardy_cake	http://www.bbc.co.uk/food/lardy_cake	
lasagne	http://www.bbc.co.uk/food/lasagne	
lemon_cake	http://www.bbc.co.uk/food/lemon_cake	
lemon_curd	http://www.bbc.co.uk/food/lemon_curd	
lemon_meringue_pie	http://www.bbc.co.uk/food/lemon_meringue_pie	
lemonade	http://www.bbc.co.uk/food/lemonade	
linguine	http://www.bbc.co.uk/food/linguine	
loaf_cake	http://www.bbc.co.uk/food/loaf_cake	
macaroni_cheese	http://www.bbc.co.uk/food/macaroni_cheese	
macaroon	http://www.bbc.co.uk/food/macaroon	
madeira_cake	http://www.bbc.co.uk/food/madeira_cake	
madeleines	http://www.bbc.co.uk/food/madeleines	
mango_chutney	http://www.bbc.co.uk/food/mango_chutney	
margarita	http://www.bbc.co.uk/food/margarita	
marmalade	http://www.bbc.co.uk/food/marmalade	
marshmallow	http://www.bbc.co.uk/food/marshmallow	
marzipan	http://www.bbc.co.uk/food/marzipan	
mashed_potato	http://www.bbc.co.uk/food/mashed_potato	
mayonnaise	http://www.bbc.co.uk/food/mayonnaise	
meat_pie	http://www.bbc.co.uk/food/meat_pie	
meatballs	http://www.bbc.co.uk/food/meatballs	
meringue	http://www.bbc.co.uk/food/meringue	
milkshake	http://www.bbc.co.uk/food/milkshake	
millefeuille	http://www.bbc.co.uk/food/millefeuille	
mince_pies	http://www.bbc.co.uk/food/mince_pies	
mincemeat	http://www.bbc.co.uk/food/mincemeat	
mint_sauce	http://www.bbc.co.uk/food/mint_sauce	
mojito	http://www.bbc.co.uk/food/mojito	
moules_mariniere	http://www.bbc.co.uk/food/moules_mariniere	
moussaka	http://www.bbc.co.uk/food/moussaka	
mousse	http://www.bbc.co.uk/food/mousse	
muesli	http://www.bbc.co.uk/food/muesli	
muffins	http://www.bbc.co.uk/food/muffins	
mulled_wine	http://www.bbc.co.uk/food/mulled_wine	
naan_bread	http://www.bbc.co.uk/food/naan_bread	
nicoise_salad	http://www.bbc.co.uk/food/nicoise_salad	
no-cook_meals	http://www.bbc.co.uk/food/no-cook_meals	
non-alcoholic_cocktail	http://www.bbc.co.uk/food/non-alcoholic_cocktail	
noodle_salad	http://www.bbc.co.uk/food/noodle_salad	
noodle_soup	http://www.bbc.co.uk/food/noodle_soup	
nougat	http://www.bbc.co.uk/food/nougat	
oatcake	http://www.bbc.co.uk/food/oatcake	
omelette	http://www.bbc.co.uk/food/omelette	
one-pot_dishes	http://www.bbc.co.uk/food/one-pot_dishes	
oven-baked_dishes	http://www.bbc.co.uk/food/oven-baked_dishes	
paella	http://www.bbc.co.uk/food/paella	
pancake	http://www.bbc.co.uk/food/pancake	
paneer	http://www.bbc.co.uk/food/paneer	
panettone	http://www.bbc.co.uk/food/panettone	
panna_cotta	http://www.bbc.co.uk/food/panna_cotta	
pappardelle	http://www.bbc.co.uk/food/pappardelle	
parfait	http://www.bbc.co.uk/food/parfait	
pasta	http://www.bbc.co.uk/food/pasta	
pasta_bakes	http://www.bbc.co.uk/food/pasta_bakes	
pasta_suppers	http://www.bbc.co.uk/food/pasta_suppers	
pasta_salad	http://www.bbc.co.uk/food/pasta_salad	
pasta_sauce	http://www.bbc.co.uk/food/pasta_sauce	
pastry	http://www.bbc.co.uk/food/pastry	
pasty	http://www.bbc.co.uk/food/pasty	
pate	http://www.bbc.co.uk/food/pate	
patisserie	http://www.bbc.co.uk/food/patisserie	
pavlova	http://www.bbc.co.uk/food/pavlova	
pesto	http://www.bbc.co.uk/food/pesto	
petit_fours	http://www.bbc.co.uk/food/petit_fours	
piccalilli	http://www.bbc.co.uk/food/piccalilli	
pickle	http://www.bbc.co.uk/food/pickle	
pie	http://www.bbc.co.uk/food/pie	
pilaf	http://www.bbc.co.uk/food/pilaf	
piri-piri	http://www.bbc.co.uk/food/piri-piri	
pitta_bread	http://www.bbc.co.uk/food/pitta_bread	
pizza	http://www.bbc.co.uk/food/pizza	
pork_pie	http://www.bbc.co.uk/food/pork_pie	
potato_rosti	http://www.bbc.co.uk/food/potato_rosti	
potato_salad	http://www.bbc.co.uk/food/potato_salad	
potato_wedges	http://www.bbc.co.uk/food/potato_wedges	
praline	http://www.bbc.co.uk/food/praline	
prawn_cocktail	http://www.bbc.co.uk/food/prawn_cocktail	
prawn_curry	http://www.bbc.co.uk/food/prawn_curry	
prepare-ahead_desserts	http://www.bbc.co.uk/food/prepare-ahead_desserts	
preserved_lemons	http://www.bbc.co.uk/food/preserved_lemons	
preserves	http://www.bbc.co.uk/food/preserves	
pretzels	http://www.bbc.co.uk/food/pretzels	
profiteroles	http://www.bbc.co.uk/food/profiteroles	
puff_pastry	http://www.bbc.co.uk/food/puff_pastry	
pulled_pork	http://www.bbc.co.uk/food/pulled_pork	
punch	http://www.bbc.co.uk/food/punch	
quenelle	http://www.bbc.co.uk/food/quenelle	
quesadilla	http://www.bbc.co.uk/food/quesadilla	
quiche	http://www.bbc.co.uk/food/quiche	
quick_desserts	http://www.bbc.co.uk/food/quick_desserts	
quick_snacks	http://www.bbc.co.uk/food/quick_snacks	
quick_suppers	http://www.bbc.co.uk/food/quick_suppers	
ragout	http://www.bbc.co.uk/food/ragout	
ragu	http://www.bbc.co.uk/food/ragu	
raita	http://www.bbc.co.uk/food/raita	
ratafia_biscuits	http://www.bbc.co.uk/food/ratafia_biscuits	
ratatouille	http://www.bbc.co.uk/food/ratatouille	
ravioli	http://www.bbc.co.uk/food/ravioli	
rhubarb_crumble	http://www.bbc.co.uk/food/rhubarb_crumble	
rhubarb_fool	http://www.bbc.co.uk/food/rhubarb_fool	
rice_pudding	http://www.bbc.co.uk/food/rice_pudding	
rillettes	http://www.bbc.co.uk/food/rillettes	
risotto	http://www.bbc.co.uk/food/risotto	
roast_beef	http://www.bbc.co.uk/food/roast_beef	
roast_chicken	http://www.bbc.co.uk/food/roast_chicken	
roast_goose	http://www.bbc.co.uk/food/roast_goose	
roast_lamb	http://www.bbc.co.uk/food/roast_lamb	
roast_pork	http://www.bbc.co.uk/food/roast_pork	
roast_potatoes	http://www.bbc.co.uk/food/roast_potatoes	
roast_turkey	http://www.bbc.co.uk/food/roast_turkey	
roasted_vegetables	http://www.bbc.co.uk/food/roasted_vegetables	
rock_cake	http://www.bbc.co.uk/food/rock_cake	
roux	http://www.bbc.co.uk/food/roux	
royal_icing	http://www.bbc.co.uk/food/royal_icing	
rum_cocktail	http://www.bbc.co.uk/food/rum_cocktail	
rye_bread	http://www.bbc.co.uk/food/rye_bread	
salad	http://www.bbc.co.uk/food/salad	
salad_cream	http://www.bbc.co.uk/food/salad_cream	
salmon_en_croute	http://www.bbc.co.uk/food/salmon_en_croute	
salsa	http://www.bbc.co.uk/food/salsa	
salted_beef	http://www.bbc.co.uk/food/salted_beef	
samosa	http://www.bbc.co.uk/food/samosa	
sandwich	http://www.bbc.co.uk/food/sandwich	
sashimi	http://www.bbc.co.uk/food/sashimi	
satay	http://www.bbc.co.uk/food/satay	
sauce	http://www.bbc.co.uk/food/sauce	
sausage	http://www.bbc.co.uk/food/sausage	
sausage_casserole	http://www.bbc.co.uk/food/sausage_casserole	
sausage_roll	http://www.bbc.co.uk/food/sausage_roll	
scone	http://www.bbc.co.uk/food/scone	
scrambled_eggs	http://www.bbc.co.uk/food/scrambled_eggs	
seafood	http://www.bbc.co.uk/food/seafood	
shepherds_pie	http://www.bbc.co.uk/food/shepherds_pie	
shortbread	http://www.bbc.co.uk/food/shortbread	
shortcrust_pastry	http://www.bbc.co.uk/food/shortcrust_pastry	
simnel_cake	http://www.bbc.co.uk/food/simnel_cake	
sloe_gin	http://www.bbc.co.uk/food/sloe_gin	
slow-cooked_dishes	http://www.bbc.co.uk/food/slow-cooked_dishes	
smoothie	http://www.bbc.co.uk/food/smoothie	
soda_bread	http://www.bbc.co.uk/food/soda_bread	
sorbet	http://www.bbc.co.uk/food/sorbet	
souffle	http://www.bbc.co.uk/food/souffle	
soup	http://www.bbc.co.uk/food/soup	
sourdough_bread	http://www.bbc.co.uk/food/sourdough_bread	
spaghetti_bolognese	http://www.bbc.co.uk/food/spaghetti_bolognese	
spaghetti_carbonara	http://www.bbc.co.uk/food/spaghetti_carbonara	
speciality_bread	http://www.bbc.co.uk/food/speciality_bread	
sponge_cake	http://www.bbc.co.uk/food/sponge_cake	
spring_rolls	http://www.bbc.co.uk/food/spring_rolls	
steak_and_kidney_pudding	http://www.bbc.co.uk/food/steak_and_kidney_pudding	
steamed_pudding	http://www.bbc.co.uk/food/steamed_pudding	
sponge_pudding	http://www.bbc.co.uk/food/sponge_pudding	
stew	http://www.bbc.co.uk/food/stew	
sticky_toffee_pudding	http://www.bbc.co.uk/food/sticky_toffee_pudding	
stir-fries	http://www.bbc.co.uk/food/stir-fries	
stock	http://www.bbc.co.uk/food/stock	
strawberry_jam	http://www.bbc.co.uk/food/strawberry_jam	
stroganoff	http://www.bbc.co.uk/food/stroganoff	
strudel	http://www.bbc.co.uk/food/strudel	
stuffed_pepper	http://www.bbc.co.uk/food/stuffed_pepper	
stuffing	http://www.bbc.co.uk/food/stuffing	
summer_pudding	http://www.bbc.co.uk/food/summer_pudding	
sushi	http://www.bbc.co.uk/food/sushi	
swiss_roll	http://www.bbc.co.uk/food/swiss_roll	
syllabub	http://www.bbc.co.uk/food/syllabub	
taco	http://www.bbc.co.uk/food/taco	
tagine	http://www.bbc.co.uk/food/tagine	
tagliatelle	http://www.bbc.co.uk/food/tagliatelle	
tapenade	http://www.bbc.co.uk/food/tapenade	
taramasalata	http://www.bbc.co.uk/food/taramasalata	
tartare_sauce	http://www.bbc.co.uk/food/tartare_sauce	
tarte_tatin	http://www.bbc.co.uk/food/tarte_tatin	
tarts	http://www.bbc.co.uk/food/tarts	
tea_bread	http://www.bbc.co.uk/food/tea_bread	
teacake	http://www.bbc.co.uk/food/teacake	
tempura	http://www.bbc.co.uk/food/tempura	
tequila_cocktail	http://www.bbc.co.uk/food/tequila_cocktail	
teriyaki	http://www.bbc.co.uk/food/teriyaki	
terrine	http://www.bbc.co.uk/food/terrine	
thai_chicken_curry	http://www.bbc.co.uk/food/thai_chicken_curry	
thai_soup	http://www.bbc.co.uk/food/thai_soup	
tiramisu	http://www.bbc.co.uk/food/tiramisu	
toad_in_the_hole	http://www.bbc.co.uk/food/toad_in_the_hole	
toffee	http://www.bbc.co.uk/food/toffee	
tomato_chutney	http://www.bbc.co.uk/food/tomato_chutney	
tomato_soup	http://www.bbc.co.uk/food/tomato_soup	
torte	http://www.bbc.co.uk/food/torte	
tortellini	http://www.bbc.co.uk/food/tortellini	
trifle	http://www.bbc.co.uk/food/trifle	
turkey_curry	http://www.bbc.co.uk/food/turkey_curry	
upside-down_cake	http://www.bbc.co.uk/food/upside-down_cake	
vegetable_curry	http://www.bbc.co.uk/food/vegetable_curry	
vegetable_soup	http://www.bbc.co.uk/food/vegetable_soup	
vegetable_stock	http://www.bbc.co.uk/food/vegetable_stock	
vegetarian_sausage	http://www.bbc.co.uk/food/vegetarian_sausage	
veggie_chilli	http://www.bbc.co.uk/food/veggie_chilli	
veggie_stew	http://www.bbc.co.uk/food/veggie_stew	
victoria_sponge	http://www.bbc.co.uk/food/victoria_sponge	
vodka_cocktail	http://www.bbc.co.uk/food/vodka_cocktail	
vol-au-vent	http://www.bbc.co.uk/food/vol-au-vent	
waffles	http://www.bbc.co.uk/food/waffles	
warm_salad	http://www.bbc.co.uk/food/warm_salad	
wedding_cake	http://www.bbc.co.uk/food/wedding_cake	
welsh_cakes	http://www.bbc.co.uk/food/welsh_cakes	
welsh_rarebit	http://www.bbc.co.uk/food/welsh_rarebit	
whisky_cocktail	http://www.bbc.co.uk/food/whisky_cocktail	
white_bread	http://www.bbc.co.uk/food/white_bread	
white_sauce	http://www.bbc.co.uk/food/white_sauce	
whole_wheat_pasta	http://www.bbc.co.uk/food/whole_wheat_pasta	
wholemeal_bread	http://www.bbc.co.uk/food/wholemeal_bread	
wraps	http://www.bbc.co.uk/food/wraps	
yorkshire_pudding	http://www.bbc.co.uk/food/yorkshire_pudding	
zabaglione	http://www.bbc.co.uk/food/zabaglione	
