http://www.bbc.co.uk/food/salted_beef	Salt beef
http://www.bbc.co.uk/food/haggis	Haggis
http://www.bbc.co.uk/food/marzipan	Marzipan
http://www.bbc.co.uk/food/pappardelle	Pappardelle
http://www.bbc.co.uk/food/crackers	Crackers
http://www.bbc.co.uk/food/duck_confit	Duck confit
http://www.bbc.co.uk/food/recipes/milk_poached_pork_61250	Milk poached pork shoulder
http://www.bbc.co.uk/food/recipes/spicy_chicken_noodle_76912	Spicy chicken noodle salad
http://www.bbc.co.uk/food/recipes/chocolate_and_cranberry_64888	Chocolate and cranberry roulade
http://www.bbc.co.uk/food/crumble	Crumble
http://www.bbc.co.uk/food/taco	Taco
http://www.bbc.co.uk/food/roasted_vegetables	Roasted vegetables
http://www.bbc.co.uk/food/recipes/gin_and_french_47127	Gin and French
http://www.bbc.co.uk/food/paella	Paella
http://www.bbc.co.uk/food/paneer	Paneer
http://www.bbc.co.uk/food/pasta	Pasta
http://www.bbc.co.uk/food/pesto	Pesto
http://www.bbc.co.uk/food/hummus	Hummus
http://www.bbc.co.uk/food/lemon_curd	Lemon curd
http://www.bbc.co.uk/food/marmalade	Marmalade
http://www.bbc.co.uk/food/recipes/butter_mutton_with_puri_99299	Butter mutton with puri
http://www.bbc.co.uk/food/recipes/santa_baby_68372	Santa baby 
http://www.bbc.co.uk/food/sourdough_bread	Sourdough bread
http://www.bbc.co.uk/food/chutney	Chutney
http://www.bbc.co.uk/food/linguine	Linguine
http://www.bbc.co.uk/food/chilli_con_carne	Chilli con carne
http://www.bbc.co.uk/food/macaroon	Macaroon
http://www.bbc.co.uk/food/choux_pastry	Choux pastry
http://www.bbc.co.uk/food/recipes/sirloinsteakwithspic_90092	Sirloin steak with spicy potato wedges, roasted tomatoes and red wine sauce
http://www.bbc.co.uk/food/coleslaw	Coleslaw
http://www.bbc.co.uk/food/stock	Stock
http://www.bbc.co.uk/food/salad_cream	Salad cream
http://www.bbc.co.uk/food/recipes/roast_lamb_leg_45144	Roast lamb leg, salmoriglio sauce and almond croquettes
http://www.bbc.co.uk/food/recipes/cabbageconfitandleek_80189	Cabbage 'confit' and leek salad
http://www.bbc.co.uk/food/recipes/silver_gin_fizz_78298	Silver gin fizz
http://www.bbc.co.uk/food/jelly	Jelly
http://www.bbc.co.uk/food/pulled_pork	Pulled pork
http://www.bbc.co.uk/food/tagliatelle	Tagliatelle
http://www.bbc.co.uk/food/teriyaki	Teriyaki
http://www.bbc.co.uk/food/recipes/lentilandcuminsoup_84462	Lentil and cumin soup with pesto
http://www.bbc.co.uk/food/sauce	Sauces
http://www.bbc.co.uk/food/salad	Salad
http://www.bbc.co.uk/food/biscotti	Biscotti
http://www.bbc.co.uk/food/nougat	Nougat
http://www.bbc.co.uk/food/recipes/crispgoatscheeseherb_90709	Crisp goats' cheese, herb and tomato salad
http://www.bbc.co.uk/food/bread	Bread
http://www.bbc.co.uk/food/chicken_stock	Chicken stock
http://www.bbc.co.uk/food/wraps	Wraps
http://www.bbc.co.uk/food/roast_potatoes	Roast potatoes
http://www.bbc.co.uk/food/apricot_jam	Apricot jam
http://www.bbc.co.uk/food/noodle_soup	Noodle soup
http://www.bbc.co.uk/food/waffles	Waffles
http://www.bbc.co.uk/food/oatcake	Oatcakes
http://www.bbc.co.uk/food/piri-piri	Piri-piri
http://www.bbc.co.uk/food/recipes/cream_of_cauliflower_65760	Cream of cauliflower soup with parsley and apple gnocchi, apple purée and apple crisp
http://www.bbc.co.uk/food/recipes/shrimpfritters_86099	Prawn fritters
http://www.bbc.co.uk/food/horseradish_sauce	Horseradish sauce
http://www.bbc.co.uk/food/mayonnaise	Mayonnaise
http://www.bbc.co.uk/food/swiss_roll	Swiss rolls and roulades
http://www.bbc.co.uk/food/chips	Chips
http://www.bbc.co.uk/food/gnocchi	Gnocchi
http://www.bbc.co.uk/food/recipes/pan-fried_halibut_with_86073	Pan-fried halibut with sprout tops and a cockle, mussel and clam sauce
http://www.bbc.co.uk/food/christmas_cake	Christmas cake
http://www.bbc.co.uk/food/ham	Ham
http://www.bbc.co.uk/food/muesli	Muesli
http://www.bbc.co.uk/food/recipes/flash_fried_salmon_with_44351	Flash-fried salmon with celeriac cakes
http://www.bbc.co.uk/food/recipes/poachedsalmonwithtom_86968	Poached salmon with tomato cream sauce
http://www.bbc.co.uk/food/recipes/asiannoodlesoup_81146	Asian noodle soup
http://www.bbc.co.uk/food/bread_sauce	Bread sauce
http://www.bbc.co.uk/food/recipes/warmsaladofpigeonroa_89885	Warm salad of pigeon, roast chicory and pickled walnuts
http://www.bbc.co.uk/food/soda_bread	Soda bread
http://www.bbc.co.uk/food/gingerbread	Gingerbread
http://www.bbc.co.uk/food/recipes/veganpastry_83823	Vegan sweet shortcrust pastry
http://www.bbc.co.uk/food/wholemeal_bread	Wholemeal bread
http://www.bbc.co.uk/food/recipes/mustard_and_maple_syrup_03280	Mustard and maple syrup coated lamb with wild garlic choux potatoes
http://www.bbc.co.uk/food/chocolate_cake	Chocolate cake
http://www.bbc.co.uk/food/bagel	Bagel
http://www.bbc.co.uk/food/hollandaise_sauce	Hollandaise sauce
http://www.bbc.co.uk/food/recipes/semolina_and_chilli_36534	Semolina and chilli squid with smacked cucumber salad
http://www.bbc.co.uk/food/english_muffin	English muffin
http://www.bbc.co.uk/food/recipes/lobster_baked_potato_10589	Lobster baked potato
http://www.bbc.co.uk/food/shortcrust_pastry	Shortcrust pastry
http://www.bbc.co.uk/food/risotto	Risotto
http://www.bbc.co.uk/food/recipes/peanutbuttercheeseca_90361	Peanut butter cheesecake with chocolate peanut sauce and sautéed bananas
http://www.bbc.co.uk/food/lasagne	Lasagne
http://www.bbc.co.uk/food/recipes/crispychickenwithbar_86974	Crisp fried chicken with barbecue sauce
http://www.bbc.co.uk/food/broth	Broth
http://www.bbc.co.uk/food/recipes/chilli_and_garlic_razor_95428	Chilli and garlic razor clams with saffron mayonnaise
http://www.bbc.co.uk/food/brandy_snaps	Brandy snaps
http://www.bbc.co.uk/food/pate	Pâté
http://www.bbc.co.uk/food/pickle	Pickle
http://www.bbc.co.uk/food/royal_icing	Royal icing
http://www.bbc.co.uk/food/roast_beef	Roast beef
http://www.bbc.co.uk/food/sloe_gin	Sloe gin
http://www.bbc.co.uk/food/tempura	Tempura
http://www.bbc.co.uk/food/strawberry_jam	Strawberry jam
http://www.bbc.co.uk/food/preserves	Preserves
http://www.bbc.co.uk/food/crudites	Crudités
http://www.bbc.co.uk/food/sausage	Sausage
http://www.bbc.co.uk/food/gratin	Gratin
http://www.bbc.co.uk/food/recipes/french_martini_54106	French martini
http://www.bbc.co.uk/food/ratafia_biscuits	Ratafia biscuits
http://www.bbc.co.uk/food/gravy	Gravy
http://www.bbc.co.uk/food/panettone	Panettone
http://www.bbc.co.uk/food/recipes/sea_bass_with_spiced_08830	Sea bass with spiced mustard yoghurt 
http://www.bbc.co.uk/food/naan_bread	Naan bread
http://www.bbc.co.uk/food/curry_paste	Curry paste
http://www.bbc.co.uk/food/christmas_pudding	Christmas pudding
http://www.bbc.co.uk/food/stuffing	Stuffing
http://www.bbc.co.uk/food/custard	Custard
http://www.bbc.co.uk/food/meringue	Meringue
http://www.bbc.co.uk/food/recipes/tomatochillibruschet_90090	Tomato and chilli bruschetta with yoghurt
http://www.bbc.co.uk/food/caramel	Caramel
http://www.bbc.co.uk/food/sorbet	Sorbet
http://www.bbc.co.uk/food/white_bread	White bread
http://www.bbc.co.uk/food/marshmallow	Marshmallow
http://www.bbc.co.uk/food/recipes/avocadosalsa_79052	Avocado salsa
http://www.bbc.co.uk/food/cocktails	Cocktail
http://www.bbc.co.uk/food/beef_stock	Beef stock
http://www.bbc.co.uk/food/praline	Praline
http://www.bbc.co.uk/food/mango_chutney	Mango chutney
http://www.bbc.co.uk/food/recipes/eggnog_51305	Eggnog
http://www.bbc.co.uk/food/recipes/orient_martini_82856	Orient martini 
http://www.bbc.co.uk/food/chilli_oil	Chilli oil
http://www.bbc.co.uk/food/chocolate_truffle	Chocolate truffle
http://www.bbc.co.uk/food/cranberry_sauce	Cranberry sauce
http://www.bbc.co.uk/food/muffins	Muffins
http://www.bbc.co.uk/food/brandy_butter	Brandy butter
http://www.bbc.co.uk/food/recipes/herbcrustedsalmonwit_84490	Herb crusted salmon with sautéed garlic potatoes
http://www.bbc.co.uk/food/jam	Jam
http://www.bbc.co.uk/food/recipes/peanut-crusted_chicken_69391	Peanut-crusted chicken with buttery mash and parsley and chive butter 
http://www.bbc.co.uk/food/confectionery	Confectionery
http://www.bbc.co.uk/food/recipes/mangetoutsaladwithmu_76066	Mangetout salad with mustard dressing
http://www.bbc.co.uk/food/vodka_cocktail	Vodka cocktail
http://www.bbc.co.uk/food/ratatouille	Ratatouille
http://www.bbc.co.uk/food/madeira_cake	Madeira cake
http://www.bbc.co.uk/food/pancake	Pancakes
http://www.bbc.co.uk/food/crepe	Crêpe
http://www.bbc.co.uk/food/garlic_bread	Garlic bread
http://www.bbc.co.uk/food/potato_wedges	Potato wedges
http://www.bbc.co.uk/food/puff_pastry	Puff pastry
http://www.bbc.co.uk/food/baguette	Baguette
http://www.bbc.co.uk/food/lemonade	Lemonade
http://www.bbc.co.uk/food/rye_bread	Rye bread
http://www.bbc.co.uk/food/preserved_lemons	Preserved lemons
http://www.bbc.co.uk/food/whole_wheat_pasta	Whole wheat pasta
http://www.bbc.co.uk/food/ginger_biscuit	Ginger biscuit
http://www.bbc.co.uk/food/biscuit	Biscuits
http://www.bbc.co.uk/food/recipes/pisco_amour_11170	Pisco amour
http://www.bbc.co.uk/food/bread_roll	Bread roll
http://www.bbc.co.uk/food/piccalilli	Piccalilli
http://www.bbc.co.uk/food/cheese_sauce	Cheese sauce
http://www.bbc.co.uk/food/recipes/cosmopolitan_08531	Cosmopolitan
http://www.bbc.co.uk/food/recipes/chocolatespongewithr_90098	Chocolate sponge with roasted oranges and citrus Greek-style yoghurt
http://www.bbc.co.uk/food/focaccia	Focaccia
http://www.bbc.co.uk/food/tapenade	Tapenade
http://www.bbc.co.uk/food/cake	Cake
http://www.bbc.co.uk/food/parfait	Parfait
http://www.bbc.co.uk/food/recipes/crepes_with_orange_97791	Crêpes with orange butter sauce
http://www.bbc.co.uk/food/recipes/poshsteaksandwichwit_87142	Posh steak sandwich with spinach and tofu dressing
http://www.bbc.co.uk/food/fudge	Fudge
http://www.bbc.co.uk/food/shortbread	Shortbread
http://www.bbc.co.uk/food/recipes/brioche_crusted_trout_44869	Brioche crusted trout with beurre noisette, beans and Little Gem
http://www.bbc.co.uk/food/blackbean_sauce	Blackbean sauce
http://www.bbc.co.uk/food/blini	Blini
http://www.bbc.co.uk/food/whisky_cocktail	Whisky cocktail
http://www.bbc.co.uk/food/recipes/bubbleandsqueak_78528	Bubble and squeak
http://www.bbc.co.uk/food/recipes/leek_smoked_eel_whelk_82606	Leek, smoked eel, whelk and clam pie
http://www.bbc.co.uk/food/curry	Curry
http://www.bbc.co.uk/food/recipes/wild_mushroom_risotto_80784	Wild mushroom risotto balls with beef carpaccio
http://www.bbc.co.uk/food/roast_chicken	Roast chicken
http://www.bbc.co.uk/food/recipes/leeksoupwithchillian_90087	Leek soup with chilli and cheese croutes
http://www.bbc.co.uk/food/mincemeat	Mincemeat
http://www.bbc.co.uk/food/sponge_cake	Sponge cake
http://www.bbc.co.uk/food/flatbread	Flatbread
http://www.bbc.co.uk/food/pastry	Pastry
http://www.bbc.co.uk/food/icing	Icing
http://www.bbc.co.uk/food/compote	Compôte
http://www.bbc.co.uk/food/loaf_cake	Loaf cake
http://www.bbc.co.uk/food/recipes/pan-fried_trout_with_a_96834	Pan-fried trout with a mussel, clam and baby vegetable ragoût
http://www.bbc.co.uk/food/fruit_cake	Fruit cake
http://www.bbc.co.uk/food/recipes/freshasparagustomato_85865	Fresh asparagus, tomato and pine nut salad
http://www.bbc.co.uk/food/terrine	Terrine
http://www.bbc.co.uk/food/recipes/orangecataloniancreg_7101	Orange Catalonian crème brûlée
http://www.bbc.co.uk/food/hot_cross_buns	Hot cross buns
http://www.bbc.co.uk/food/champ	Champ
http://www.bbc.co.uk/food/ketchup	Ketchup
http://www.bbc.co.uk/food/recipes/nathan_outlaw_36534	Beetroot-cured salmon, deep-fried oyster, beetroot salad and smoked mackerel pâté 
http://www.bbc.co.uk/food/roast_lamb	Roast lamb
http://www.bbc.co.uk/food/croissant	Croissant
http://www.bbc.co.uk/food/ice_cream	Ice cream
http://www.bbc.co.uk/food/bun	Buns
http://www.bbc.co.uk/food/mint_sauce	Mint sauce
http://www.bbc.co.uk/food/mashed_potato	Mashed potato
http://www.bbc.co.uk/food/pasty	Pasty
http://www.bbc.co.uk/food/recipes/spicy_crab_cakes_59076	Spicy crab cakes
http://www.bbc.co.uk/food/apple_sauce	Apple sauce
http://www.bbc.co.uk/food/cakes_and_baking	Baking
http://www.bbc.co.uk/food/roast_pork	Roast pork
http://www.bbc.co.uk/food/seafood	Seafood
http://www.bbc.co.uk/food/ciabatta	Ciabatta
http://www.bbc.co.uk/food/raita	Raita
http://www.bbc.co.uk/food/recipes/mince_pie_cocktail_33767	Mince port cocktail
http://www.bbc.co.uk/food/chocolate_brownies	Chocolate brownies
http://www.bbc.co.uk/food/apple_chutney	Apple chutney
http://www.bbc.co.uk/food/recipes/the_bramble_39344	The bramble  
http://www.bbc.co.uk/food/brioche	Brioche
http://www.bbc.co.uk/food/pitta_bread	Pitta bread
http://www.bbc.co.uk/food/mince_pies	Mince pies
http://www.bbc.co.uk/food/honeycomb	Honeycomb
http://www.bbc.co.uk/food/crostini	Crostini
http://www.bbc.co.uk/food/chocolate_biscuit	Chocolate biscuit
http://www.bbc.co.uk/food/filo_pastry	Filo pastry
http://www.bbc.co.uk/food/recipes/creamofcoconutsoup_84419	Cream of coconut soup
